[{"region_code":"34010000","name":"合肥市","subareas":[{"region_code":"34010200","name":"瑶海区"},{"region_code":"34010300","name":"庐阳区"},{"region_code":"34010400","name":"蜀山区"},{"region_code":"34011100","name":"包河区"},{"region_code":"34012100","name":"长丰县"},{"region_code":"34012200","name":"肥东县"},{"region_code":"34012300","name":"肥西县"},{"region_code":"34012400","name":"庐江县"},{"region_code":"34018100","name":"巢湖市"}]},{"region_code":"34020000","name":"芜湖市","subareas":[{"region_code":"34020200","name":"镜湖区"},{"region_code":"34020300","name":"弋江区"},{"region_code":"34020700","name":"鸠江区"},{"region_code":"34020800","name":"三山区"},{"region_code":"34022100","name":"芜湖县"},{"region_code":"34022200","name":"繁昌县"},{"region_code":"34022300","name":"南陵县"},{"region_code":"34022500","name":"无为县"}]},{"region_code":"34030000","name":"蚌埠市","subareas":[{"region_code":"34030200","name":"龙子湖区"},{"region_code":"34030300","name":"蚌山区"},{"region_code":"34030400","name":"禹会区"},{"region_code":"34031100","name":"淮上区"},{"region_code":"34032100","name":"怀远县"},{"region_code":"34032200","name":"五河县"},{"region_code":"34032300","name":"固镇县"}]},{"region_code":"34040000","name":"淮南市","subareas":[{"region_code":"34040200","name":"大通区"},{"region_code":"34040300","name":"田家庵区"},{"region_code":"34040400","name":"谢家集区"},{"region_code":"34040500","name":"八公山区"},{"region_code":"34040600","name":"潘集区"},{"region_code":"34042100","name":"凤台县"},{"region_code":"34042200","name":"寿县"}]},{"region_code":"34050000","name":"马鞍山市","subareas":[{"region_code":"34050300","name":"花山区"},{"region_code":"34050400","name":"雨山区"},{"region_code":"34050600","name":"博望区"},{"region_code":"34052100","name":"当涂县"},{"region_code":"34052200","name":"含山县"},{"region_code":"34052300","name":"和县"}]},{"region_code":"34060000","name":"淮北市","subareas":[{"region_code":"34060200","name":"杜集区"},{"region_code":"34060300","name":"相山区"},{"region_code":"34060400","name":"烈山区"},{"region_code":"34062100","name":"濉溪县"}]},{"region_code":"34070000","name":"铜陵市","subareas":[{"region_code":"34070500","name":"铜官区"},{"region_code":"34070600","name":"义安区"},{"region_code":"34071100","name":"郊区"},{"region_code":"34072200","name":"枞阳县"}]},{"region_code":"34080000","name":"安庆市","subareas":[{"region_code":"34080200","name":"迎江区"},{"region_code":"34080300","name":"大观区"},{"region_code":"34081100","name":"宜秀区"},{"region_code":"34082200","name":"怀宁县"},{"region_code":"34082400","name":"潜山县"},{"region_code":"34082500","name":"太湖县"},{"region_code":"34082600","name":"宿松县"},{"region_code":"34082700","name":"望江县"},{"region_code":"34082800","name":"岳西县"},{"region_code":"34088100","name":"桐城市"}]},{"region_code":"34100000","name":"黄山市","subareas":[{"region_code":"34100200","name":"屯溪区"},{"region_code":"34100300","name":"黄山区"},{"region_code":"34100400","name":"徽州区"},{"region_code":"34102100","name":"歙县"},{"region_code":"34102200","name":"休宁县"},{"region_code":"34102300","name":"黟县"},{"region_code":"34102400","name":"祁门县"}]},{"region_code":"34110000","name":"滁州市","subareas":[{"region_code":"34110200","name":"琅琊区"},{"region_code":"34110300","name":"南谯区"},{"region_code":"34112200","name":"来安县"},{"region_code":"34112400","name":"全椒县"},{"region_code":"34112500","name":"定远县"},{"region_code":"34112600","name":"凤阳县"},{"region_code":"34118100","name":"天长市"},{"region_code":"34118200","name":"明光市"}]},{"region_code":"34120000","name":"阜阳市","subareas":[{"region_code":"34120200","name":"颍州区"},{"region_code":"34120300","name":"颍东区"},{"region_code":"34120400","name":"颍泉区"},{"region_code":"34122100","name":"临泉县"},{"region_code":"34122200","name":"太和县"},{"region_code":"34122500","name":"阜南县"},{"region_code":"34122600","name":"颍上县"},{"region_code":"34128200","name":"界首市"}]},{"region_code":"34130000","name":"宿州市","subareas":[{"region_code":"34130200","name":"埇桥区"},{"region_code":"34132100","name":"砀山县"},{"region_code":"34132200","name":"萧县"},{"region_code":"34132300","name":"灵璧县"},{"region_code":"34132400","name":"泗县"}]},{"region_code":"34150000","name":"六安市","subareas":[{"region_code":"34150200","name":"金安区"},{"region_code":"34150300","name":"裕安区"},{"region_code":"34150400","name":"叶集区"},{"region_code":"34152200","name":"霍邱县"},{"region_code":"34152300","name":"舒城县"},{"region_code":"34152400","name":"金寨县"},{"region_code":"34152500","name":"霍山县"}]},{"region_code":"34160000","name":"亳州市","subareas":[{"region_code":"34160200","name":"谯城区"},{"region_code":"34162100","name":"涡阳县"},{"region_code":"34162200","name":"蒙城县"},{"region_code":"34162300","name":"利辛县"}]},{"region_code":"34170000","name":"池州市","subareas":[{"region_code":"34170200","name":"贵池区"},{"region_code":"34172100","name":"东至县"},{"region_code":"34172200","name":"石台县"},{"region_code":"34172300","name":"青阳县"}]},{"region_code":"34180000","name":"宣城市","subareas":[{"region_code":"34180200","name":"宣州区"},{"region_code":"34182100","name":"郎溪县"},{"region_code":"34182200","name":"广德县"},{"region_code":"34182300","name":"泾县"},{"region_code":"34182400","name":"绩溪县"},{"region_code":"34182500","name":"旌德县"},{"region_code":"34188100","name":"宁国市"}]}]